Battletags,Level,Rating,K/D,KDA,Win Pct,Kills/Game,Elim/Game,Damage/Game,Healing/Game,Elim/Min,Healing/Min,Damage/Min,Solo Kills,Obj kills,Final Blows,Damage Done,Elims,Environment Kills,MultiKills,Deaths
OGE-31607,"1,269","4,702",3.83,4.52,65.0%,28.07,28.07,"10,182.04",622.19,2.31,0.85,836.24,210,"1,205","1,659","1,394,939","3,846",68,70,"1,004"
Viol2t-3893,663,"4,701",3.97,10.71,69.1%,23.15,23.15,"9,563.33","8,559.96",2.02,12.42,832.80,123,845,904,"927,643","2,246",5,20,566
uNKOE-2828,"1,268","4,695",2.64,8.81,63.2%,18.70,18.70,"6,060.35","10,082.55",1.55,13.92,502.15,67,918,790,"824,208","2,543",2,27,964
HllyyllH-1649,209,"4,652",3.24,8.41,64.4%,19.89 ,19.89,"6,838.30","7,881.47",1.70,11.22,584.25,45,669,622,"711,183","2,069",7,32,639
KariV-31768,719,"4,616",4.41,6.92,69.1%,28.84,28.84,"12,803.53","1,835.58",2.34,2.48,"1,037.51",113,584,685,"704,194","1,586",5,36,360
FunnyAstro-2570,"1,265","4,629",3.46,7.38,64.0%, 25.17,25.17,"7,204.98","8,591.80 ",2.00,11.40,573.67,199,"2,074","1,361","1,541,865","5,387",147,66,"1,555"
Fusions-2559,"1,164","4,617",3.57,4.02,67.1%,29.36,29.36,"10,167.56",97.66,2.33,0.13,805.76,73,709,866,"711,729","2,055",28,50,576
DIMITRI-11493,134,"4,613",2.71,2.95,57.7%,27.60,27.60,"10,471.57",404.90,2.24,0.55,849.14,"1,279","1,939","4,257","2,649,308","6,982",4,70," 2,574"
Lilbow-2784,"1,712","4,613",2.71,6.27 ,57.7%,20.57,20.57,"6,308.55","9,047.82",1.60,11.76,491.88,167,"2,219","1,444","1,608,681","5,245",47,31,"1,933"
Danteh-11137,"1,295","4,603",3.40,4.50,62.5%,29.18,29.18,"11,635.43",960.06,2.43,1.33,967.66,505,"1,622","2,672","2,140,920","5,369",43,103,"1,581"
Arrge-2411,182,"4,601",3.05,3.40,59.8%,28.28,28.28,"10,127.68",851.99,2.35,1.18,839.80,"1,077","2,414","4,608","2,997,792","8,372",19,106,"2,741"
im37-1761,273,"4,600",4.15,5.75,78.6%,26.36,26.36,"9,916.68","2,079.71",2.27,2.98,853.35,65,220,356,"277,667",738,4,14,178
Masaa-1182,"1,260","4,595",2.61,6.84,56.2%,19.97,19.97,"5,861.19","10,049.66",1.58,13.21,462.34,231,"2,190","1,757","1,793,524","6,110 ",91,59,"2,343"
JJonak-3163,"1,062","4,595",2.64,6.19,45.5%,22.32,22.32,"8,310.05","6,735.95",1.83,9.19,679.93,18,130, 191,"182,821",491,3,8,186
Speedily-11472,746,"4,595",2.95,3.38,64.7%,29.13, 29.13,"10,527.96",607.46,2.42,0.84,872.92,352,709,"1,472","894,877","2,476",11,26,838
Alarm-31558,"1,174","4,625",3.31,9.88,64.6%,19.44,19.44,"7,206.29","11,189.05",1.51,14.49,560.02,63,494,495,"590,916","1,594",3,11,482
A10-21682,914,"4,592",5.44,7.58,65.6%,32.97,32.97,"11,458.56",102.97,2.63,0.14,914.89,44,385,412,"366,674","1,055",6,36,194
Boostio-1538,"1,142","4,590",3.07,3.45,58.4%,30.61, 30.61,"11,772.92",414.92,2.30,0.52,886.06,247,677,"1,251","906,515","2,357",3,44,769
Fissure-31436,"1,153","4,589",2.73,3.05,57.5%,21.80,21.80,"8,859.87",248.26,1.81,0.34,734.99,176,998,"1,391","1,355,560","3,335",44, 75,"1,221"
kraandop-2574,836,"4,589",3.02,3.61,59.4%,24.48,24.48,"9,107.12",541.94,2.03,0.75,753.65,55,615,683,"628,391","1,689",18,38,560
KAFEEEEEE-2350,"2,913","4,585",4.02,5.57,56.4%,29.78,29.78,"12,118.02",966.07, 2.38,1.29,968.55,"1,063","4,789","7,082","5,889,356","14,475",42,291,"3,599"
Hydration-1570,925,"4,558",3.47,5.06,65.3%,23.37,23.37,"7,710.55","3,422.45",2.06,5.02,678.37,87,387,505,"377,817","1,145",20,20,330
michelle-31606,367,"4,581",4.50,6.28,64.9%,24.89,24.89,"9,808.56","1,452.68",2.15,2.09,847.57,48,378,518,"559,088","1,419",10,41,315
Neon-12283,603,"4,576",1.79,6.38,61.1%,13.94,13.94,"3,675.66","8,912.80",1.11,11.79,291.72,77,477,532,"396,971","1,506",4,16,842
Hafficool-21377,"1,192","4,572",4.33,5.81,65.2%,29.07,29.07,"10,448.22","1,064.43",2.40,1.47,863.23,92,702,768,"720,927","2,006",13,29,463
Jaru-11700,"1,060","4,532",3.65,4.46,58.3%,27.60,27.60,"10,522.96","1,191.83",2.28,1.64,870.62,385,"1,091","2,069","1,389,031","3,643",10,54,999
DANYE-21205,830,"4,565",3.84,4.39,64.5%,30.19,30.19,"11,718.06",82.29,2.54,0.12,986.00,94,244,513,"363,260",936,4,20,244
Axxiom-3261,"1,040","4,564",3.85,4.62,70.6%, 26.45,26.45,"8,589.76", 598.12,2.08,0.78,674.29,85,465,524,"438,078","1,349",12,14,350
super-12850,"1,218","4,560",3.35,4.08,63.2%,27.06,27.06,"11,213.93",596.79,2.15,0.79,891.94,130,"1,323","1,627","1,525,094","3,680",25,84,"1,099"
markkiller57-1372,"1,017","4,560",4.64,6.12,61.4%,26.19,26.19,"8,348.01","1,228.81",2.31,1.81,737.70,119,"1,372","1,410","1,168,722","3,667",10,67,791
Engh-2353,861,"4,558",2.61,7.34,64.3%,15.93,15.93,"4,357.04","8,433.57",1.38,12.20,378.11,5,199,108,"121,997",446,16,4,171
Hawk-13948,"1,294","4,557",4.35,6.72,57.1%,29.44,29.44,"11,686.26","2,095.71",2.35,2.78,930.92,150,"1,470","1,764","1,717,880","4,328",13,101,996
Shock-2746,"1,128","4,556",2.76,3.39,58.5%,25.59,25.59,"9,696.83",751.60,2.01,0.98,761.48,117,"1,094","1,271","1,144,226","3,020",19,60,"1,096"
MirroR-11144,549,"4,555",4.73,7.42,55.6%,27.67,27.67,"11,806.96",932.00,2.46,1.38,"1,047.78",17,320,301,"318,788",747,5,12,158
sukwar-1643,396,"4,555",3.05,6.99,62.0%,22.20,22.20,"8,462.64","6,399.56",1.84,8.82,699.97,65,371 ,423,"423,132","1,110",3,17,364
LateYoung-4770,393,"4,554",4.25,5.54,58.2%,23.91,23.91,"8,731.65","1,296.77",1.95,1.76,711.34,87,938,923,"960,481","2,630",8,38,619
Fahzix-1213,"1,738","4,554",3.05,8.15,54.3%,19.18,19.18,"5,488.01","9,987.37",1.57,13.65,450.19,65,892,653,"707,953","2,474",19,22,811
ESCAPE-22293,210,"4,553",3.70,4.40,62.0%,30.34,30.34,"11,819.36",520.10,2.42,0.69,941.75,505,"1,059","2,000","1,430,142","3,671",10,51,992
False-11751,"1,164",0,4.10,5.44,55.7%,27.31,27.31,"9,323.84",366.09,2.22,0.50,756.64,159,"2,089","1,905","1,874,091","5,490",18,128,"1,339"
DragonEddy-21888,"1,594","4,550",5.08,6.29,60.0% ,35.03,35.03,"12,720.47 ",348.27,2.56,0.42,928.24,28,370,379,"381,614","1,051", 4,26,207
GGonak-3858,388,"4,549",3.76,8.94,83.3%,24.83,24.83,"8,241.28","7,409.94",2.13,10.57,705.67, 39,134,194,"148,343",447,30,4,119
DanneddOTP-2745,58,"4,545",2.08,2.08,60.0%,26.74,26.74,"9,971.47",0.00,2.10,0.00,782.75,390,675,"1,441","897,432","2,407",33,22,"1,158"
berd-11813,517,"4,539",2.38,6.38,57.4%,17.93,17.93,"5,355.10","9,199.85",1.47,12.55,438.37,32,428,284,"326,661","1,094",17,10,460
F4zE-3714,722,"4,544",5.06,7.03,55.9%,24.76,24.76,"9,727.86","1,311.69",2.16,1.91,850.25,40,422,579,"573,944","1,461",6 ,25,289
NotE-1996,701,"4,539",5.19,6.54,66.7%,29.14,29.14,"9,688.48","1,573.48",2.44,2.20,812.69,38,406,469,"406,916","1,224",4,27,236
Mande-11877,732,"4,538",3.69,5.36 ,57.3%,28.51,28.51,"11,564.38",446.27,2.31,0.60,938.03,259,"1,344","1,501","1,433,983","3,535",13,104, 957
Saucy-11143,473,"4,463",3.26,4.68,55.3%,26.80,26.80,"10,106.41","1,997.82",2.20,2.74,830.67,519,"1,539","2,387","1,829,261","4,851",18,96,"1,489"
Shaz-21907,"1,237","4,538",3.60,7.43,61.2%,22.19,22.19,"7,499.37","7,716.52",1.79,10.35,603.43,73,509,537,"502,458","1,487",8,22,413
eerpS-2462,976,"4,607",4.69,6.59,57.4%,30.52,30.52,"11,263.75",692.03,2.40,0.91,884.70,270,"2,747","2,964","2,906,048","7,875",25,171,"1,678"
xQc-11273,"3,074","4,534",2.76,3.23,56.4%,24.49,24.49,"8,647.22",386.82,2.00,0.53,705.75,224,"2,573","2,789","2,360,691","6,686",57,139,"2,425"
soames-1829,878,"4,533",3.27,8.10,64.3%,19.93,19.93,"5,516.48","9,433.24",1.64,12.91,452.82,21,317,272,"231,692",837,4,8,256
NiCOgdh-2794,"1,528","4,530",2.77,3.20,64.7%,29.35,29.35,"11,564.65",630.06,2.77,0.99,"1,092.22",49,143,281,"196,599",499,2,8,180
Guxue-4568,190,"4,530",4.87,5.14,61.5%,26.50,26.50,"9,204.42",28.42,2.21,0.04,766.29,139,698,"1,075","883,624","2,544",43,28,522
Ripa-21644,"1,323","4,528",3.05,7.57,65.8%,22.24,22.24,"7,307.55","9,032.45",1.78,12.04,584.32,28,358,264,"277,687",845,3,8,277
Sakuya-11639,483,"4,527",3.55,5.64,57.1%,20.25,20.25,"8,006.86","2,322.55",1.83,3.50,724.97,40,337,375,"448,384","1,134",2,19,319
Agilities-11974,"1,045","4,527",2.92,3.69,57.9%,27.16,27.16,"11,912.66","1,102.47",2.25,1.52,988.60,99,283,553,"452,681","1,032",4,17,353
Mouffin-1670,654,"4,472",4.83,5.10,63.0%,27.30,27.30,"8,999.91",500.02,2.37,0.72,781.86,76,349,550,"413,996","1,256",13,12,260
Goliath-1170,"1,491","4,522",3.07,7.35,61.1%,19.56,19.56,"6,453.33","7,201.86",1.72,10.54,566.52,27,253,235,"232,320",704,5,5,229
Davin-2928,"1,499","4,536",3.71,5.19,61.3%,28.13,28.13,"10,364.13","1,143.35",2.20,1.49,811.30,88,338,386,"321,288",872,2,13,235
ryujehong-31878,"1,125","4,521",3.26,7.77,55.2%,21.55,21.55,"7,974.48","9,807.93",1.68,12.78,623.31,16,222,203,"231,260",625,4,10,192
MekO-31124,"1,187","4,520",3.61,4.98,55.3%,21.86,21.86,"8,482.12","1,442.94",1.94,2.13,751.02,106,502,750,"720,980","1,858",5,30,514
mudkip-11467,789,"4,327",2.38,6.67,55.0%,18.11,18.11," 5,629.04","9,463.30",1.46,12.75,454.93,31,549,391,"450,323","1,449",12,9,609
sinatraa-11809,"1,438","4,517",2.88,3.58,58.8%,28.44,28.44,"11,916.38","1,064.54",2.27,1.41,950.32,159,705,"1,080","953,310","2,275",10,39,791
Fae-2926,"1,626","4,517",3.07,4.42,60.3%,26.22,26.22,"9,950.68","2,548.78",2.14,3.47,811.82,114,629,936,"726,400","1,914",10,30,623
SPACE-12232,"1,220","4,436",7.06,8.52,58.7%,31.28,31.28,"10,683.39",261.39,2.52,0.35,860.79,250,"2,050","2,566","2,147,361","6,288",14,159,891
Yiqids-2945,722,"4,516",3.34,5.02,57.7%,26.37,26.37,"9,570.60","2,569.52",2.08,3.37,753.99,222,993,"1,291","995,342","2,742",11,43,822
lhcloudy-2273,"2,124","4,412",2.94,3.52,57.4%,25.24,25.24,"9,378.15",693.15,1.98,0.91,737.63,159,"2,015","2,022","1,913,143","5,148",40,86,"1,753"
frdwnr-1928,640,"4,515",3.81,5.71,63.0%,24.67,24.67,"8,687.96","2,455.93",2.15,3.56,756.61,35,225,273,"234,575",666,4,18,175
Muma-11444,"1,842","4,569",3.21,3.75,58.7%,26.49,26.49,"10,799.76",113.08,2.12,0.15,865.58,203,"2,316","2,535","2,667,540","6,542",71,167,"2,036"
B3stB0lbi-1354,"1,511","4,514",3.03,3.55,60.0%,25.41,25.41,"8,428.94",192.74,2.12,0.27,701.80,62,796,823,"716,460","2,160",31,41,713
Molf1g-2494,644,"4,513",4.01,5.25,61.4%,27.77,27.77,"10,056.52","1,316.11",2.25,1.78,815.52,58,434,476,"442,487","1,222",6,21,305
LullSiSH-2507,"1,467","4,527",2.96,3.58,54.2%,22.86,22.86,"8,338.02",486.10,1.98,0.70,720.40,130,"1,351","1,465","1,292,393","3,544",26,77,"1,198"
BenBest-2898,"1,329","4,540",3.06,3.76,62.0%,26.43,26.43,"9,819.09", 791.44,2.04,1.02,758.94,60,738,817,"775,708","2,088",10,59,683
Mozser-1605,630,"4,397",2.52,6.74,52.8%,19.17,19.17,"6,051.14","8,696.19",1.57,11.85,494.85,106,"1,504","1,051","1,089,205","3,450",16,22,"1,371"
Fate-32605,"1,473","4,509",3.68,4.06,57.1%,25.74,25.74,"9,357.90",22.81,2.06,0.03,750.13,39,414,450,"393,032","1,081",11,15,294
Boombox-11925,"1,043","4,474",3.61,10.60,58.1%,21.55,21.55,"7,253.16","7,932.10",2.11,12.97,711.62,19,249,225,"224,848",668,0,7,185
cRNKz-1779,"1,016","4,508",2.65,4.03,61.1%,26.78,26.78,"10,728.78","3,503.83",1.92,4.19,769.14,29,181,214,"193,118",482,2,7,182
Malticks-1199,809,"4,507",2.47,4.34,57.1%,22.13,22.13,"7,693.20","3,227.87",1.79,4.36,623.74,320,"2,306","2,279","1,954,073","5,622",16,64,"2,272"
GoldGun-1416,487,"4,507",3.42,4.50,56.5%,24.89,24.89,"9,963.83","1,959.67",2.07,2.71,827.06,280,"1,182","1,587","1,375,009","3,435",3,45,"1,004"
Crimzo-11621,"1,491","4,493",2.99,8.78,57.2%,20.72,20.72,"7,003.41","10,291.87",1.69,14.02,572.48,195,"1,815","1,501","1,701,829","5,035",12,51,"1,685"
Graceful-2412,"1,083","4,496",3.60,5.79,58.6%,24.81,24.81,"9,870.21","2,983.90",2.00,4.00,793.96,153,597,810,"690,915","1,737",4,23,482
Sk0rpi0n-21532,"1,149","4,505",2.48,5.71,58.5%,21.06,21.06,"6,816.04","7,780.89",1.67,10.29,540.87,49,349,368,"361,250","1,116",3,17,450
theplug-11319,"1,163","4,444",2.83 ,4.19,55.1%,22.66,22.66,"7,844.05","2,299.11",1.91,3.24,662.53,150,"1,523","1,531","1,396,241","4,033",20,66,"1,423"
ShawnOFF-1789,"2,335","4,503",3.71,5.00,54.4%,26.05,26.05,"10,180.41","1,312.64",2.17,1.82,848.42,287,"1,303","1,688","1,384,536","3,543",3,65,956
BEAST-14877,"1,113","4,515",4.07,5.48,57.6%,29.00,29.00,"9,478.76","1,061.88",2.30,1.40,750.33,19,336,332,"312,799",957,5,14,235
Webster-21603,"1,367","4,503",2.16,7.88,63.0%,15.06,15.06,"4,061.46","7,987.39",1.23,10.89,332.30,20,333,229,"219,319",813,9,11,377
sleepy-12124,845,"4,502",2.74,7.09,53.4%,19.43,19.43,"6,582.50","6,834.38",1.61,9.46,546.87,272,779,"1,068","875,472","2,584",2,18,942
Jinxuwu-1183,911,"4,444",2.17,6.20,58.2%,20.66,20.66,"6,347.53","9,086.46",1.65,12.13,508.32,166,"1,186","1,174","971,172","3,161",30,39,"1,457"
numlocked-21330,887,"4,502",3.34,3.96,58.5%,28.92,28.92,"10,177.61",327.49,2.25,0.42,790.83,151,"1,316","1,707","1,445,221","4,107",39,94,"1,228"
Amadien-1428,294,"4,474",3.96,6.21,64.3%,23.79,23.79,"9,223.14","2,656.32",2.04,3.79,790.15,41,272,290,"258,248",666,2,14,168
Munkmutta-2248,991,"4,468",2.87,6.03,57.0%,22.32,22.32,"8,051.77","6,363.91",1.77,8.42,639.16,433,"1,858","2,120","1,892,167","5,246",25,56,"1,831"
Munkmutta-2248,991,"4,468",2.87,6.03,57.0%,22.32,22.32,"8,051.77","6,363.91",1.77,8.42,639.16,433,"1,858","2,120","1,892,167","5,246",25,56,"1,831"
BarbieQ9130-2297,907,"4,498",3.67,4.71,55.2%,28.30,28.30,"9,528.49","1,285.07",2.22,1.68,745.96,133,626,856,"638,409","1,896",5,20,516
Epzz-2588,"1,472","4,497",2.50,6.79,54.6%,20.25,20.25,"6,631.59","8,582.92",1.61,11.35,526.25,189,"1,734","1,588","1,591,582","4,861",18,50,"1,947"
TIZI-31888,651,"4,497",3.16,3.99,55.2%,22.78,22.78,"8,988.00",867.60,1.84,1.17,725.07,45,513,611,"602,196","1,526",14,34,483
Alex2704-2987,"1,996","4,495",4.30,6.45,57.1%,27.18,27.18,"9,972.24","1,953.43",2.26,2.70,828.02,156,"1,682","1,668","1,675,336","4,567",13,95,"1,061"
HALPERN-11214,206,"4,495",7.21,8.51,59.5%,30.38,30.38,"9,695.05",268.02,2.54,0.37,812.11,122,"1,080","1,332","1,076,151","3,372",8,83,468
Ali-12740,668,"4,495",2.10,6.06,55.2%,19.04,19.04,"5,619.45","8,926.85",1.51,11.77,444.40,133,"1,490",963,"966,545","3,275",12,23,"1,558"
ShRedLock-11258,"1,228","4,493",3.60,5.04,55.2%,25.00,25.00,"8,628.01","1,730.15",2.05,2.36,706.71,175,"1,961","1,974","1,734,231","5,024",35,96,"1,396"
Jofi-21627,797,"4,492",2.84,6.86,50.0%,19.64,19.64,"4,966.44","7,989.51",1.60,10.84,404.16,44,551,313,"357,584","1,414",57,6,498
nomy-1279,"1,020","4,492",3.45,4.13,61.3%,24.91,24.91,"9,013.25",597.08,2.08,0.83,751.34,64,653,766,"675,994","1,868",21,31,541
Chubz-2614,"1,542","4,490",3.24,3.66,54.6%,26.74,26.74,"9,474.61",219.31,2.11,0.29,748.51,108,"1,215","1,256","1,146,428","3,236",27,69,999
KaTeKoMi-2973,983,"4,489",2.96,6.96,58.5%,19.98,19.98,"5,302.87","8,470.99",1.66,11.73,440.44,56,679,374,"434,835","1,638",52,15,553
Decod-2801,"1,376","4,488",2.77,3.26,55.1%,25.48,25.48,"10,368.01",361.50,2.07,0.49,840.92,452,"2,906","3,456","3,276,292","8,051",125,169,"2,903"
Horthic-21496,"1,211","4,522",3.28,5.18,59.2%,25.40,25.40,"8,377.90","2,626.11",2.10, 3.62,693.07,190,950,"1,153","862,924","2,616",34,35,797
Tears-11531,364,"4,351",2.70,5.08,57.7%,20.38,20.38,"7,408.35","4,705.48",1.63,6.28,593.64,31,444,350,"385,234","1,060",32,20,393
McGravy-11115,"1,227","4,483",4.64,6.35,56.9%,26.57,26.57,"9,257.36",850.29,2.21,1.18,769.13,38,625,545,"536,927","1,541",4, 37,332
Architect-31384," 1,378","4,621",3.86,4.94,59.1%,28.21,28.21,"10,732.44","1,461.24",2.37,2.04,900.79,679,"1,921","3,506","2,597,250","6,828",20,126,"1,770"
Zuppeh-2840,996,"4,482",3.37,7.01,56.7%,23.27,23.27,"8,015.17","7,444.75",1.87,9.97,644.17,203,"1,461","1,421","1,386,625","4,026",9,39,"1,194"
rCk-21798,774,"4,482",3.48,4.22,59.1%,29.90,29.90,"11,832.45",405.17,2.31,0.52,913.38,167,829,"1,096","1,041,256","2,631",10,36,755
FishCake-11336,"1,052","4,481", 2.80,7.00,55.5%,19.83,19.83,"5,398.03","8,230.75",1.61,11.10,436.98,225,"1,944","1,319","1,419,682","5,216",237,31,"1,862"
salty-11372,881,"4,499",5.04,6.23,55.6%,29.26,29.26,"10,328.58",221.40,2.41,0.30,851.62,166,"1,610","1,866","1,559,616","4,419",18,85,876
SugarFree-11755,"2,668","4,415",3.40,4.45,56.1%,27.49,27.49,"10,660.35","1,533.02",2.25,2.09,872.46,"1,355","6,038","8,024","6,481,490","16,716",37,283,"4,915"
Trill-11167,"1,528","4,451",3.77, 4.68,58.3%,25.32,25.32,"9,365.56",535.10,2.16,0.76,800.43,48,657,676,"674,320","1,823",11,38,484
FDGod-2444,"1,510","4,426",2.76,5.79,58.3%,23.60,23.60,"7,175.31","8,503.42",1.87,11.20,566.99,182,"1,195","1,051","1,119,349","3,682",174,28,"1,332"
Syrus-11410,"1,378","4,477",3.24,4.83, 54.4%,24.80,24.80,"10,309.04","2,388.98",2.02,3.24,838.63,397,"2,175","2,499","2,237,062","5,381",14,101,"1,660"
LordXaan-1318,562,"4,476",2.61,2.79,61.6%,24.70,24.70,"9,441.89",439.04,2.27,0.67,868.65,601,"1,168","2,266","1,302,981","3,408",2,68,"1,308"
Jubsv1-1718,59,"4,475",3.12,3.26, 62.5%,29.45,29.45,"12,429.13","1,284.97",2.36,1.71, 994.33,454,"1,574","2,124","1,789,795","4,241",8,65,"1,358"
Psych0-21106,717,"4,475",3.27,4.34,51.7%,25.94,25.94,"10,375.17","1,378.62",2.14,1.89,854.29,490,"2,111","2,714","2,427,789","6,071",17,118,"1,856"
bock1-2590,"1,602","4,475",2.10,6.17,58.1%,19.57,19.57,"6,081.38","9,659.92",1.61,13.23,499.77,196,"1,994","1,635","1,654,135","5,322",7,52,"2,529"
KarQ-1811,"1,593","4,474",2.07,5.99,53.3%,17.03,17.03,"4,627.46","9,943.68",1.36,13.21,368.76,112,"2,364","1,531","1,633,495","6,010",10,60,"2,907"
GetAmazed-21162,"1,508","4,472",4.61,5.98,61.8%,29.63,29.63,"10,685.15",701.78,2.44,0.96,878.43,132,864,"1,051","950,978","2,637",6,53,572
Manneten-2445,"1,146","4,472",4.49,6.31,60.5%,27.80,27.80,"10,419.63","1,143.73",2.17,1.49,814.63,115,"1,251","1,285","1,292,034","3,447",12,69,767
SaltShaker-11718,454,"4,470",2.93,5.19,52.9%,22.20,22.20,"7,919.92",861.14,1.90,1.23,678.49,28,652,325,"403,916","1,132",9,7,386
yungsavage-21665,968,"4,469",2.71,6.10,55.7%,21.55,21.55,"6,173.82","7,218.83",1.77,9.86,505.79,266,"2,758","2,044","2,006,491","7,003",147,54,"2,588"
Twolzz-2552,"1,381","4,544",3.91,5.63,57.5%,27.97,27.97,"9,778.41","1,885.51",2.24,2.52,784.38,358,"2,462","2,999","2,552,166","7,301",17,144,"1,865"
ZION-31702,203,"4,467",3.89,10.71,55.8%,20.92,20.92,"7,703.71","8,318.94",1.78,11.81,656.12,117,669,674,"662,519 ","1,799",0,16,462
ShonP-21888,"1,400","4,465",3.56,4.54,60.4%,29.14,29.14,"10,904.40","1,233.91",2.31,1.63,864.14,277,"2,001","2,355","2,148,166","5,741",91,120,"1,611"
iluvcodey-1973,94,"4,465",2.36,3.14,59.2%,27.12,27.12,"9,147.83","1,816.83",2.17,2.42,731.83,433,921,"1,766","1,097,740","3,254",41,47 ,"1,378"
VoHiYo-11363,68,"4,464",3.85,3.87,59.1%,34.76,34.76,0.00,85.95,2.62,0.11,0.00,480,"1,943","2,660",0,"5,353",0,43,"1,390"
ONIGOD-21483,"1,626","4,463",2.45,2.95, 53.9%,24.99,24.99,"9,940.01 ",913.30,2.04,1.24,810.75,340,752,"1,345","1,033,761","2,599",4,27,"1,060"
Natrix-11312,574,"4,437",2.63,4.48,52.5%,21.84,21.84,"7,460.30","3,054.62",1.78,4.15,607.88,29,572,457,"455,078","1,332",16 ,24,507
Fosmanx-1931,"1,206","4,544",4.09,5.13,62.1%,31.47,31.47,"10,132.14",334.36,2.47,0.44,796.67,72, 729,803,"668,721","2,077",6,44,508
SoOn-2543,924,"4,481",2.76,3.63,58.8%,26.16,26.16,"10,634.26",898.89,2.11,1.21,855.80,280,754,"1,129","903,912","2,224",6,33,806
Far-11498,895,"4,461",3.40,3.75,60.0%,30.22,30.22,"12,230.92",841.20,2.30,1.07,931.86,155,449,816,"611,546","1,511",0,23,444
ZiRa1No-1737,296,"4,458",2.72,3.18,53.1%,20.39,20.39,"7,358.06",979.88,1.70,1.36,613.74,172,988,"1,181","1,066,919","2,957",31,22,"1,088"
Kephrii-11520,"2,305","4,271",2.83,3.68,53.3%,24.90,24.90,"9,788.49","1,147.07",2.01,1.54,788.35,"1,093","2,953","4,297","3,543,435","9,015",19,133,"3,186"
ZachaREEE-1297,"1,561","4,457",3.42,4.45,53.7%,27.42,27.42,"11,114.26","1,465.13",2.14,1.90,865.61,206,977,"1,432","1,200,340","2,961",8,37, 865
Lepadef-2655,"1,436","4,457",2.62,3.86,54.1%,23.20,23.20,"8,105.82","2,158.61",1.85,2.87,647.08,75,"1,021",911,"899,746","2,575",15,34,983
fischer-2188,783,"4,457",3.21,4.29,58.4%,27.69,27.69,"10,810.38","2,098.22",2.20,2.78,860.71,254,985,"1,551","1,221,573","3,129",8,55,975
GreenThyme-1155,"1,204","4,362",2.62,6.31,55.6%,21.72,21.72,"5,625.61","8,633.80",1.65,10.91,426.41,96,"1,106",763 ,"748,206","2,889",79,25,"1,102"
Nishik-1477,"1,422","4,456",3.37,9.70,54.8%,21.54,21.54,"7,453.10","9,564.85",1.70,12.61,589.39,158,"2,013","1,528","1,699,307","4,912",7,41,"1,459"
Fofey-11636,"1,196","4,392",4.01,5.07,54.1%,28.61,28.61,"9,693.42",805.18,2.34,1.10,791.19,117,832,"1,021","823,941","2,432 ",9,62,607
nuBKi-11886,781,"4,455",3.95,5.88,58.1%,31.58,31.58,"10,561.35","1,376.94",2.37,1.72,793.80,40,369,387,"327,402",979,26,24,248
Kyb-2630,"1,306","4,455",4.05,5.88,56.7%,25.67,25.67,"9,819.23","2,386.45",2.10,3.25,802.71,354,"1,217","1,904","1,472,885","3,850",17, 53,951
bogur-2537,"1,921","4,451",2.86 ,3.58,56.1%,24.74,24.74,"8,956.62",700.13,1.92,0.91,696.20,177,"2,225","2,391","2,185,416","6,036",84,117,"2,111"
GraceGod-21824,366,"4,453",3.51,4.68,55.7%,26.90,26.90,"10,899.46","1,623.66",2.13, 2.14,863.21,369,"1,062","1,746","1,351,533","3,335",14,43,949
nanohana-3307,284,"4,452",3.57,4.15,56.7%,29.83,29.83,"11,450.80",708.72,2.49,0.98,954.23, 168,595,"1,028","687,048","1,790",3,37,501
Legende-21355,718,"4,471",2.79,4.04,51.7%,23.94,23.94,"8,684.09","2,329.11",1.90,3.08,688.54,148,"1,545","1,660","1,511,031","4,165",40,72,"1,492"
Kaas-21883,803," 4,451",2.66,6.41,55.8%,19.48,19.48,"5,802.98","8,542.23",1.59,11.64,474.56,129,681,816,"696,357","2,338",15,20,879
Rawkus-1108,890,"4,523",2.70,6.58,57.0%,20.83,20.83,"7,684.91","7,233.56",1.72,9.93,633.09,109,914,881,"983,669","2,666",4,36,987
mush2oom-1305,"1,067","4,450",2.61,6.58,62.1%,17.97,17.97,"5,382.29","5,914.24",1.51,8.28,452.30,56,447, 446,"355,231","1,186",2,19,454
Boosty-11274,329,"4,420",3.28,3.74,56.9%,29.78,29.78,"11,028.94",751.92,2.45,1.03,908.63,863,"2,024","4,323","2,812,380","7,593",19,132,"2,317"
Hoon-31856,966,"4,512",4.70,5.50,56.6%,22.25,22.25,"7,670.91",277.00,2.02,0.42,696.36,35,318,418,"406,558","1,179",9,24,251
Ezire-1423,"1,395","4,448",3.41,4.47,53.0%,27.33,27.33,"10,383.88","1,250.33",2.23,1.70,845.95,418,"1,850","2,728","2,097,544","5,520",13,101,"1,617"
milkyman-21932,"1,066","4,448",2.40,2.87,48.5%,22.09,22.09 ,"8,669.24",384.06,1.92,0.56,755.31,38,263,305,"286,085",729,4,15,304
MightyMoose-21693,240,"4,507",3.73,4.96,53.7%,25.80,25.80,"8,700.11","2,781.16",2.12,3.82,716.65,699,"4,342","5,173","4,002,051","11,866",148,171,"3,181"
iRocket-2113,"1,208","4,309",2.66,3.33,51.6%,23.16,23.16,"8,872.05",635.01,1.81,0.83,693.22,105,"1,344","1,429","1,357,423","3,543",19, 77,"1,331"
Tehpwnzorr-1690,"1,493","4,446",2.92,7.07,57.8%,19.07,19.07,"5,885.83","8,444.24",1.52,11.25,470.53,42,544,400,"417,894","1,354",7,16,463
Skairipa-2391,"1,374","4,302",2.33,6.85,53.1%, 17.92,17.92,"5,380.95","10,450.94",1.44,13.99,432.06,208,"1,996","1,617","1,651,952","5,501",14,45,"2,361"
ChoccyMilk-2185,999,"4,445",2.48,6.09,57.1%,17.24,17.24,"5,351.26","7,555.46",1.40,10.23,434.65,213,972,886,"797,337","2,569",24,14,"1,037"
zappis-21285,920,"4,444",4.33,6.17,59.5%,26.57,26.57,"8,766.50","2,849.62",2.18,3.90,719.76,38,400,395,"368,193","1,116",13,17,258
Grahl-2963,"1,163"," 4,481",2.58,3.46,54.4%,23.93,23.93,"8,426.85","1,934.11",1.97,2.66,695.30,389,"1,196","1,842","1,331,443","3,781",40,51,"1,467"
Gustav-22956, 911,"4,443",4.12,11.68,58.6%,20.62,20.62,"5,753.86"," 10,905.21",1.57,13.82,437.59,18,247,138,"166,862",598,16,3,145
SliccBoy69-2365,221,"4,443",3.48,3.56,58.4%,30.80,30.80,"14,597.15 ",152.80,2.51,0.21,"1,190.36",381,"1,421","2,667","1,999,809","4,219",0,133,"1,213"
Horrockskid-2829,509,"4,471",2.05,5.01,59.7%,17.84,17.84,"4,424.04","8,465.90",1.46,11.54,361.89,38,562,284,"296,411 ","1,195",58,10,582
Bezpalivo-2209,"1,087","4,444",2.48,6.66,61.5%,16.43,16.43,"4,091.24","9,721.20",1.40,13.80,348.50,40,637,435,"445,945","1,791",6,15,722
ChoiSehwan-31338,771,"4,440",3.31,4.64,51.6%,24.29,24.29,"10,499.42","1,671.47",1.89,2.16,815.10,67,433,651,"650,964","1,506",6,27,455
Roten-2259,"1,339","4,414",4.23,5.45,53.4%,31.47,31.47,"10,617.94",552.59,2.43,0.71,821.30,302,"3,188","3,276","2,941,169","8,718",12,202,"2,061"
SupaSoldier-21953,88,"4,439",2.99,3.73,59.6%,25.81,25.81,"9,866.88","1,191.75",2.24,1.72,855.13,102,466,682 ,"513,078","1,342",2,28,449
Pugz-11888,"1,069","4,438",3.42,5.12,62.9%,28.40,28.40,"10,051.29","3,236.51",2.27,4.32,804.38,97,293,489,"351,795",994,2,11,291
SuperPlouk-2778,"1,110","4,438",3.53,4.12,55.4%,24.84,24.84,"9,252.06",183.51,2.02,0.25,750.85,48,931,717,"767,921","2,062",18,44,584
Zerggy-21777,"1,331","4,437",3.33,3.88,59.2%,32.82,32.82,"12,961.27","1,171.88",2.41,1.43,952.13,310,948,"1,623","1,270,204","3,216",2,35,965
Jellis-1915,823,"4,436",2.78,3.54,54.8%,25.29,25.29,"8,956.74","1,245.57",2.13,1.75,753.21,302,902,"1,403","1,030,025","2,908",7,45,"1,047"
Samito-11202,731,"4,345",3.16,4.30,53.2%,26.54,26.54,"9,586.66","1,984.88",2.18,2.72,787.03,465,"1,827","2,606","1,926,918","5,335",19,99,"1,690"
Rammy-11616,"1,887","4,158",1.93,4.53,50.8%,17.98,17.98,"4,581.67","8,052.14",1.42,10.60,362.05,163,"2,089",983,"1,127,091","4,422",180,39,"2,290"
MarkNuttKOA-1370,"1,387","4,435",2.12,5.14,55.7%,18.53,18.53,"5,926.33","8,219.27",1.42,10.51,454.48,38,641,412,"468,180","1,464",2,13,691
Matman909-1921,"1,362","4,410",2.56,3.24,52.8%,21.90,21.90,"8,094.17",573.15,1.79,0.78,661.97,101,"1,511","1,326","1,303,161","3,526",30,83,"1,379"
Rubikon-2275,"1,167","4,434",2.76,6.30,51.3%,21.12,21.12,"7,376.87","7,271.87",1.67,9.57,582.24,215,"1,523","1,427"," 1,453,244","4,161",11,38,"1,506"
LeVraiGotaga-2350,114,"4,439", 3.51,4.85,57.6%,25.32,25.32,"10,101.24","2,870.78",2.05,3.87,816.53,139,493,743,"595,973","1,494",4,21,426
Duri-31327,872,"4,433",3.42,6.30,52.2%,21.32,21.32,"7,426.59","4,294.92",1.76,5.91,613.16,78,797,782,"839,205","2,409",17,34,704
Cloneman16-1738,"1,954","4,432",2.92,3.60,53.7%,24.65,24.65,"9,807.28",513.48,2.01,0.70,798.40,47,696,851,"804,197","2,021",16,54,693
SKIPAH-2830,"1,518","4,432",2.89,3.85,53.6%,26.25,26.25,"9,575.94","1,845.91",2.00,2.34,728.89,330,"1,168","1,464","1,196,992","3,281",13,41,"1,135"
iRemiix-1650,"1,331","4,432",3.56,3.95,52.6%,28.92,28.92,"9,218.58",521.11,2.25,0.68,716.71,22,387,426,"350,306","1,099",12,28,309
MATTH-21569,998,"4,430",2.89,3.19,55.0%,29.24,29.24,"12,151.09",325.13,2.47,0.46,"1,025.79",273,976,"1,861","1,348,771","3,246",11,83,"1,123"
eqo-21439,489,"4,428",3.95,4.85,57.5%,31.28,31.28,"10,418.06",792.68,2.55,1.08,848.32,157,451,791,"489,649","1,470",2,28,372
Decode-21679,797,"4,428",3.80,5.40,64.1%,27.14,27.14,"9,834.22",441.75,2.19,0.59,793.97,51,675,566,"629,390","1,737",6,43,457
Txao8-2676,682,"4,507",4.24,5.24,56.8%,28.66,28.66,"10,133.01",550.21,2.39,0.76,844.17,232,"1,459","1,778","1,499,686","4,242",10,69,"1,001"
Ojee-11919,"1,593","4,460",2.90,6.89,56.2%,21.91,21.91,"6,326.97","8,742.59",1.74,11.60,503.71,184,"2,468","1,570","1,689,302","5,849",120,70,"2,019"
kalios-31368,"1,285","4,427",3.78,4.85,55.3%,23.98,23.98,"8,639.07","1,553.23",1.91,2.06,687.96,101,657,769,"812,073","2,254",5,38,597
DEF-31371,691,"4,426",2.79,3.40,60.0%,21.35,21.35,"7,836.15","2,200.15",1.78,3.06,653.01,6,199,162,"156,723",427,3,2,153
Jalf-2555,"1,323","4,426",2.20,6.53,53.9%,16.14,16.14,"4,120.41","11,608.79",1.26,15.16,322.88,62,"1,100",696,"696,349","2,727",21,29,"1,241"
Kellex-21406,850,"4,425",1.89,5.06,52.2%,16.09,16.09,"4,921.17","9,660.35",1.23,12.34,377.29,13,133,112,"113,187",370,3,3,196
nemui-11418,393,0,2.75,7.85,63.3%,20.87,20.87,"6,497.17","6,480.97",1.69,8.72,524.67 ,51,158,247,"194,915",626,3,11,228
jack22-11757,929,"4,425 ",2.38,5.79,56.7%,20.37,20.37,"6,569.12","8,172.60",1.51,10.08,486.13,38,819,503,"591,221","1,833",12,22,769
Codargo-1945,"1,568","4,423",3.01,8.58,73.3%,20.07,20.07,"5,655.27","7,822.60",1.71,11.13,482.76,7,125,68,"84,829",301,20,5,100
Shadowburn-11600,"1,056","4,422",2.43,3.33,54.7%,22.50,22.50,"8,809.53","1,281.75",1.98,1.88,774.21,435,864,"1,678","1,321,430","3,375",9,40,"1,390"
Dove-11103,"1,208","4,436",3.44,4.64,56.3%,28.93,28.93,"10,791.11","1,007.51",2.22,1.29,826.59,171,740,894,"766,169","2,054",2,53,597
TornPlanet-1631,737,"4,253",2.74,3.26,48.1%,23.34,23.34,"8,212.59",717.35,1.85,0.95,649.70,123,"1,308","1,304","1,108,699","3,151",26,64,"1,149"
mL7-21877,"1,272","4,421",2.78,7.87,57.0%,17.85,17.85,"3,938.69","11,738.15",1.44,15.80,318.07,38,523,356,"338,727","1,535",8,10,553
freed0m-11501,"1,130","4,360",3.17,5.43,56.0%,23.51,23.51,"8,492.64","4,063.14",1.90,5.47,685.75,272,"1,687","1,681","1,562,646","4,325",8,61,"1,366"
Dhevin-21820,"1,062","4,421",2.09,6.51,55.6%,15.33,15.33,"3,858.51","11,502.27",1.20,15.05,302.85,16,374,215,"243,086",966,3,4,462
MT1Krystal-4708,414,"4,429",2.94,4.49,54.9%,25.16,25.16,"10,804.55","2,706.45",2.01,3.61,864.11,239,"1,007","1,599","1,437,005","3,346",9,46,"1,138"
Apply-11889,"1,363","4,420",3.62,5.36,53.9%,26.95,26.95 ,"9,584.82","2,201.31",2.17,2.95,770.69,64,339,490,"373,808","1,051",9,14,290
Crow-22602,971,"4,420 ",2.61,3.10,55.5%,25.50,25.50,"9,048.48","1,048.65",2.03,1.39,719.42,689,"1,659","2,891","1,909,230","5,381",46,53,"2,065"
Haksal-31524,760,"4,423",3.52,5.14,61.0%,26.04,26.04,"9,329.81","2,264.53",2.16,3.13,774.16,78,551,975,"718,395","2,005",6,48,570
Bernhoft-21578,"3,287","4,420",2.31,3.64,53.5%,21.51,21.51,"7,678.80","3,449.18",1.77,4.72,630.64,184,891,"1,047","875,383","2,452",18,45,"1,063"
Mac-1512,"1,257","4,507",2.73,6.32,57.6%,20.46,20.46,"5,422.22","8,042.20",1.64,10.75,434.72,59,"1,051",671,"677,778","2,558",60,29,938
Veg-11480,"1,545","4,419",2.51,4.68,54.4%,21.11,21.11,"7,287.97","4,098.16",1.73,5.59,596.06,177,"2,974","2,102","2,251,982","6,522",25,105,"2,600"
Signify-21137,"1,661","4,326",2.71,3.99,49.7%,24.04,24.04,"8,864.42","2,540.95",1.92,3.38,707.02,370,"2,929","3,151","2,818,885","7,645",20,148,"2,821"
UltraViolet-11810,"1,183","4,419",2.24,6.70,53.5%,15.81,15.81,"4,042.01","11,029.26",1.29,15.04,330.61,35,489,324,"347,613","1,360",3,14,608
Bio-11287,895,"4,419",2.54,4.09,56.3%,22.42,22.42,"7,626.55"," 4,661.84",1.75,6.06,594.89,101,519,662,"488,099","1,435",13,17,566
Insomniaq-1945,"1,474","4,343",2.25,5.63,48.3%,18.07,18.07,"4,882.25","9,152.05",1.42,12.03,384.92,19,398,285,"292,935"," 1,084",10,13,482
Duckeeh-1554,"1,266","4,305",3.09,4.59,52.0%,25.98,25.98,"9,624.37","1,460.99",2.12,1.98,783.66,190,"1,497","1,542","1,424,407","3,845",14,93,"1,244"
Marcel-12212,837,"4,475",3.04,3.96,52.3%,26.16,26.16,"9,719.69","1,622.08",2.09,2.16,777.10,343,927,"1,492","1,059,446","2,851",5,34,938
ecLipse-22995,618,"4,405",1.91,5.82,53.3%,15.43,15.43,"4,181.20","10,176.03",1.31,14.40,354.89,6,183,123,"125,436",463,2,5,243
Elk-11188,260,"4,416",2.86,3.40,62.1%,25.14,25.14,"8,203.66",934.59,2.43,1.51,793.02,75,261,374,"237,906",729,3,9,255
emore25-2303,916,"4,416",2.59,3.09,53.1%,25.99,25.99,"10,406.41","1,052.96", 2.07,1.39,827.14,768,"1,657","2,990","2,154,127","5,379",6,82,"2,080"
hoonmaru-1324,"1,558","4,416",2.75,4.51,57.5%,21.26,21.26,"7,365.61","3,521.39",1.76,4.86,609.91,103,927,907,"883,873","2,551",13,38,928
Herkkukurkku-21689,564,"4,268",2.62,3.23,49.8%,24.39,24.39,"9,059.90","1,089.24",1.93, 1.44,716.54,677,"2,160","3,456","2,455,234","6,610",29,75,"2,526"
rizon-21598,254,"4,414",2.83,3.10,57.4%,26.35,26.35,"9,442.09",573.35,2.30,0.83,823.16,464,477,"1,256","642,062","1,792",0,8,633
HarryHook-2309,683,"4,413",2.95,6.71,51.3%,20.57,20.57,"6,791.40","8,310.46",1.64,11.07,542.69,114,839,813,"781,011","2,365",11,18,802
Chopt-1979,"1,765","4,338",2.31,6.45,52.1%,19.02,19.02,"5,058.41","9,833.21",1.50,12.91,398.49,72,"2,065","1,141"," 1,224,135","4,602",42,64,"1,989"
Manoxi-2879,"1,411","4,417",2.44,7.59 ,54.5%,17.51,17.51,"5,476.22","10,380.75",1.51,14.97,473.72,16,432,217,"301,192",963,6,11,394
KingHydron-1900,"1,274","4,360",2.34,2.89,52.8%,25.43,25.43,"8,819.46","1,104.54",2.00,1.45,693.23,"1,208","2,868","4,798","3,307,298","9,538",55,135,"4,076"
HEOJUNHO-3815,"1,139","4,413",2.77, 4.17,51.9%,20.30,20.30,"8,303.28","1,945.02",1.72,2.74,702.03,258,779,"1,179","1,087,730","2,659",5,33,960
Phatt-2158,"1,079","4,400",2.65,6.35,54.8%,23.02,23.02,"6,911.31","7,785.98",1.80,10.15,540.45,41,336,291,"290,275",967,15,9,365
IvanKendrick-2983,344,"4,149",2.61,5.48,42.6%,20.76,20.76,"6,180.75","7,345.31",1.60,9.43,475.98,74,560,414,"420,291","1,412",22,12,541
Samaritan-11575,809,"4,427",3.04,4.81,60.3%,22.85,22.85,"6,915.97","3,437.71",1.89,4.73,570.52,31,618,536,"470,286 ","1,554",4,37,511
ddx-11435,"2,068","4,411",2.52,6.80,57.7%,18.28,18.28,"4,783.70","10,387.41",1.47,13.91,384.38,56,879,536,"530,991","2,029",8,19,805
Frayu1600-2528,"1,349","4,430",3.09,8.15,54.2%,21.51,21.51,"6,294.22","11,320.12",1.70,14.87,496.10, 49,518,379,"371,359","1,269",8,16,411
Lisugau-11485,957,"4,410",3.04,4.39,52.0%,27.02,27.02,"10,470.17","1,367.06",2.07,1.74,800.22 ,302,"1,217","1,513","1,308,771","3,378",3,47,"1,111"
JSugarPapa-1291,"1,143","4,410",3.06,3.85,52.5%,27.79,27.79,"9,940.87","1,294.26",2.22,1.73,795.27,"1,163","8,105","8,423","7,157,425","20,008",120,353,"6,542"
J3sus-11941,"2,454","4,410",3.01,3.67,54.3%,26.50,26.50,"10,555.18","1,354.27",2.12,1.80,843.05,"1,339","4,008","6,104","4,686,499","11,768",37,184,"3,912"
Ziro-11848,730,"4,410",3.44,4.08,55.4%,27.60,27.60,"9,519.49",802.92,2.15,1.04,741.02,62,698,692,"618,767","1,794",23,27,522
ArHaN-31659,"1,015","4,410",2.85,3.34,53.7%,26.89,26.89,"10,237.36",959.93,2.31,1.37,879.36,333,"1,050","1,918","1,371,806","3,603",15,49,"1,265"
serg37tds-2519,"1,158","4,336",3.76,5.27,50.3%,25.54,25.54,"9,264.61","1,263.51",2.10,1.73,761.58,167,"1,644","1,568","1,454,543","4,010",11,66,"1,067"
Lynn-12433,336,"4,409",2.46,4.23,53.7%,23.52,23.52,"8,233.88","3,268.39",1.85,4.30,649.21,138,"1,163","1,204","1,012,767","2,893",7,71,"1,176"
SKYQUAKE-11347,317,"4,428",2.72,3.16,50.0%,19.56,19.56,"8,530.02",294.23,1.65,0.41,719.12,25,321,365 ,"409,441",939,11,30,345
Nostalgia-11551,945,"4,409",4.83,6.86,51.4%, 28.06,28.06,"9,763.93"," 1,622.48",2.26,2.17,785.26,131,"1,459","1,450","1,406,006","4,040",9,100,837
npr-11185,101,"4,409",2.58,2.94,58.9%,24.89,24.89,"9,910.78",807.78,2.34,1.26,930.22,461,765,"1,767","1,060,453","2,663",5,44,"1,034"
Jolly-21138,106,"4,409",2.93,4.67,55.0%,25.53,25.53,"9,738.81","1,754.66",2.15,2.46,818.95,150,"1,218","1,181","1,081,008","2,834",4,72,967
Symmetroll-2434,"1,854","4,408",1.08,7.58,57.1%,6.49,6.49,"1,519.88","12,351.29",0.53,16.81,124.12,13,124,110,"74,474",318,19,2,295
MOHCTP-2945,"1,282","4,408",2.78,6.10,52.9%,20.36,20.36,"5,666.89","6,428.94",1.67,8.79,464.86,42,741,454,"493,019","1,771",49,19,638
R3ap3r-11331,372,"4,408",2.38,2.38,54.4%,26.04,26.04,"10,152.76","1,344.02",2.11,1.82,822.82,209,827,"1,350","934,054","2,396",0,65,"1,005"
AntBeLike-1180,820,"4,400",1.81,1.85,57.1%,23.24,23.24,"9,521.40",117.68,1.86,0.16,760.20,446,692,"1,655 ","1,133,047","2,766",33,41,"1,525"
FahL-21843,792,"4,408",2.69,5.01,53.5%,23.34,23.34,"8,056.66","6,017.06",1.75,7.50,602.68,77,725,685,"692,873","2,007 ",12,25,746
BloinkFan1-2453,788,"4,415",2.44,3.50,57.3%,23.35 ,23.35,"8,746.65","2,582.59",1.89,3.49,708.53,174,690,962,"717,225","1,915",6,13,785
Pistalshot-1790,955,"4,464",3.51,5.33,55.1%,26.36,26.36,"9,242.76","2,560.11",2.14,3.46,749.66,181,969,"1,252","988,975","2,821",11,47,804
Badges-11173,746,"4,407",2.76,4.52,52.8%,23.52,23.52,"8,336.48","3,717.58",1.87,4.92,662.32,96,940,947,"883,667","2,493",16,47,902
Yoshio-2798,"1,367",0,2.79,7.46,55.1%,19.38,19.38,"5,262.09","10,501.26",1.54,13.87,416.87,27,571,301,"363,084","1,337",36,11,480
Coluge-1285,388,"4,406",5.38,7.55,56.4%,30.07,30.07,"11,876.82",296.74,2.44,0.40,961.88,284,"3,663","3,554","3,895,596","9,863",27,253," 1,834"
Smqcked-11216,647,"4,434", 2.72,3.43,54.7%,23.03,23.03,"8,362.41",773.47,2.00,1.12,725.39,128,553,709,"535,194","1,474",5,22,541
leave-4369,180,"4,405",2.60,3.11,54.8%,25.64,25.64,"9,611.18",939.35,2.13,1.30,799.41,"1,850","3,415","7,505","5,036,259","13,433",33,153,"5,159"
Geguri-31531,837,"4,405",4.21,5.21,53.7%,24.05,24.05,"9,562.14",352.03,2.01,0.49,799.70,294,"2,121","2,882","2,973,825","7,480",31,130,"1,778"
Sadura-21942,"1,593","4,405",1.40,5.21,51.9%,11.90,11.90,"3,841.70","8,845.07",0.99,12.32,321.08,72,"1,879","1,077","1,310,021","4,059",11,92,"2,905"
zokeS-21604,"1,822","4,414",3.00,4.49,55.6%,25.31,25.31,"9,870.11","1,304.81",2.02,1.74,789.81,43,331,374,"355,324",911,4,25,304
Recry-31237,641,"4,405",2.78,3.51,57.6%,23.91,23.91,"9,195.42","1,512.70", 1.79,1.89,689.29,96,220,419,"303,449",789,9,4,284
Hidan-2374,"1,023","4,404",2.67,6.57,63.9%,20.29,20.29,"6,160.28","8,445.39",1.63,11.31,494.88,53,550,466,"443,540","1,461",3,18,548
Eddan-21253,242,"4,404",2.79,5.60,54.2%,21.18,21.18,"6,897.68","5,713.11",1.73,7.80,564.87,311,"1,628","1,699","1,476,104","4,533",19, 43,"1,622"
CreativeSelf-21811,705,"4,404",3.13,4.08,51.1%,29.38,29.38,"11,518.36",874.92,2.36,1.17,923.87,719,"2,103","3,734","2,660,742","6,787",11,154,"2,165"
LockL34r-21158,67,"4,295",3.61,5.15,55.0%,24.78,24.78,"9,801.12","2,797.70",2.04,3.84,807.51,197,953,"1,313","1,068,322","2,701",3,43,748
Snow-11120,"1,216","4,404",2.49,6.96,52.1%,17.25,17.25,"5,162.56","9,317.14",1.41,12.68,421.41,102,"1,190",934,"980,887","3,278",10,29,"1,315"
Shaman-2881,"1,309","4,404",2.33,5.98,56.8%,19.45,19.45,"4,932.55","9,061.36",1.63,12.65,413.21,33,297,262,"217,032",856,6,5,368
Teemo-22841,"2,539","4,456",2.60,2.97,55.4%,23.07,23.07,"8,526.64", 155.66,1.89,0.21,698.03,151,"1,983","2,077","1,892,914","5,121",56,115,"1,966"
Roolf-1732,677,"4,403",2.44,6.98,55.6%,17.37,17.37,"4,924.75","10,200.05",1.52,14.88,430.92,72,397,347,"310,259","1,094",4,7,449
iTzMaThPr0-1485,859,"4,403",2.63,5.56,51.9%,19.72,19.72,"4,691.91","7,749.24",1.72,11.24,408.15,47,354,269,"253,363","1,065",39,9,405
TerenZ-2268,"1,025","3,036",2.26,2.47,42.1%,21.84,21.84,"8,563.89",252.37,1.92,0.37,751.86,51,116,220,"162,714",415,4,2,184
HellFull-1162,970," 4,378",2.22,4.21,51.3%,19.14,19.14,"6,410.68","5,262.08",1.57,7.18,524.58,146,"1,590","1,432","1,461,635","4,364",33,63,"1,968"
OstrichLover-21684,123,"4,346",2.65,3.14,59.5%,28.03,28.03,"10,500.24","1,049.38",2.13,1.33,798.97,351,"1,074","1,770","1,218,028","3,251",5,48,"1,229"
BoneCrusher9-11987,"1,325","4,303",3.38,5.09,49.9%,24.57,24.57,"8,415.28"," 2,466.90",2.00,3.35,685.15,479,"3,504","3,967","3,425,018","10,002",54,146,"2,962"
dridro-2407,"1,312","4,402",2.27,6.95,51.2%,16.17,16.17,"4,295.71","10,050.93",1.30,13.45,344.81,65,757 ,610,"545,555","2,053",16,19,903
CrispDrinker-1687,166,"4,319",2.84,5.71,51.6%,20.81,20.81,"6,718.98","5,571.55",1.71,7.61,550.53,59,731,564,"611,427","1,894",20,20,667
Aether-12627,"1,095","4,402",3.66,4.79,55.9%,27.44,27.44,"9,764.00","1,312.63",2.23,1.78,793.51,174,454,852,"576,076 ","1,619",5,25,442
Skyver-11497,725,"4,401",3.59,5.02,62.9%,31.01,31.01,"9,860.94","1,212.90",2.58,1.68,821.75,177,698,"1,067","690,266","2,171",2,63,604
wakerider-11168,950,"4,401",2.28,3.39,51.9% ,20.69,20.69,"7,499.28","1,795.71",1.73,2.50,625.30,67,"1,177","1,032","997,404","2,752",26,56,"1,206"
BadLucio-1871,104,"4,401",2.56,6.07,54.9%,20.06,20.06,"5,541.18","8,674.33",1.71 ,12.29,471.00,46,369,279,"282,600","1,023",20,7,399
Brandito-1915,869,"4,401",2.53,2.66,52.9%,26.47,26.47,"9,745.82",304.25,2.25,0.43 ,828.40,193,364,785,"497,037","1,350",20,13,534
Harzeck-11265, 824,"4,304",4.85,6.35,50.0%,28.93,28.93,"9,519.58",451.37,2.39,0.62,785.34,47,792,766,"799,645","2,430",5,68,501
rhysk-11357,"1,244","4,401",3.55,4.14,64.7%,28.49,28.49,"12,640.45",466.78,2.69,0.73,"1,193.82",78,558,741,"644,663","1,453",8,50,409
mL12-21728,54,"4,300",2.98,7.90,52.1%,18.95,18.95,"4,860.71","10,411.26",1.56,14.32,401.04,38,457,392,"354,832","1,383",10,17,464
Jona-2933,"1,306","4,400",3.26,4.39,54.0%,25.52,25.52,"9,387.92","1,125.62",2.08,1.53,766.72,905,"3,309","4,631","3,633,124","9,878",15,113,"3,032"
Gammel-21231,504,"4,200",2.15,6.19,51.4%,16.74, 16.74,"4,282.07","11,632.21",1.31,15.15,334.66,12,489,236,"299,745","1,172",12,9,545
DEMON-14626,"1,238","4,382",3.77,5.01,55.1%,24.96,24.96,"8,679.80","1,062.55",2.06,1.46,715.17,84,980,902,"850,620 ","2,446",13,46,649
top500smurf-2629,"1,026","4,399",2.88,4.39,53.6%,22.82,22.82,"6,732.75","2,585.79",1.93, 3.64,569.31,8,302,211,"188,517",639,2,12,222
volodins-2770,754,0,2.93,4.22,54.7%,24.42,24.42,"8,665.24","2,380.38",2.02,3.29,717.79,487,"1,863","2,294","1,741,714","4,908",2,55,"1,677"
rugob-21283,55,"4,398",2.98,3.68,51.6%,23.99,23.99,"8,656.32",588.39,1.97,0.81,712.51,87 ,782,938,"822,350","2,279",21,49,766
Kashir-11928,330,"4,410",2.78,4.82,54.5%,23.26,23.26,"8,274.34","4,016.63",1.89,5.43,671.46,428,"2,348","2,883","2,399,560","6,744",43,97,"2,426"
UNIC-11742,375,"4,194",1.97,3.88,44.6%,15.80,15.80,"6,172.31","5,864.29",1.27,7.87,496.92,96,343,439,"401,200","1,027",2,5,521
jindol-31557,476,"4,396",3.72,4.80,59.2%,23.08,23.08,"8,149.84","1,514.08",2.01,2.20,711.12,80, 371,588,"399,342","1,131",4,9,304
Poko-2323,"1,055","4,396",4.45,6.15,56.0%,28.16,28.16,"11,766.40",123.37,2.31,0.17,964.64,175,"1,313","1,539","1,659,063","3,970",18,98,892
Vexua-2492,273,"4,395",2.63,4.34,54.4%,22.04,22.04,"7,371.81","2,968.52",1.72,3.86,575.82,81,682,616,"582,373","1,741",5,35,662
Merz-2601,"1,262","4,395",4.71,6.41,51.9%,29.49,29.49,"10,724.64",843.27,2.35,1.12,853.78,196,"1,971","1,971","1,941,159","5,337",13,109,"1,134"
Leinahtan-11954,"1,151","4,382",2.66,3.50,55.1%,22.68,22.68,"8,043.40","1,179.39",1.83,1.59,648.96,208,"2,626","2,266","2,131,501","6,011",70,123,"2,257"
harbleu-1515,"1,360","4,394",3.65,5.35,55.0%,27.23,27.23,"11,023.75","1,438.51",2.23,1.97,904.06,395,"2,387","2,896","2,744,913","6,780",52,139,"1,858"
ProGi-2401,"1,349","4,435",2.94,4.02,53.3%,23.76,23.76,"8,786.17","2,192.81",1.92,2.95,708.14,116,989,"1,048","922,548","2,495",20,43,849
rob420-1447,"1,080","4,394",2.66,6.58,50.0%,19.50,19.50,"6,611.65","8,155.58",1.59,11.09,539.41,30,296,293,"264,466",780,2,9,293
Doserino-1499,487,"4,394",2.53, 3.52,58.7%,25.45,25.45,"9,038.28","2,367.56",1.99,3.09,708.37,229,718,994,"677,871","1,909",6,20,754
Frenchy-12312,456,"4,393",4.27,4.83,76.5%,27.86,27.86,"1,965.00","1,354.51",2.37,1.92,167.03,57,588,560,"100,215","1,421",12,13,333
WantedFN-1398,450,"4,393",2.93,3.07,52.6%,30.85,30.85,"11,711.43",319.94,2.52,0.44,957.06,657,"1,330","2,917","1,780,137","4,689",0,62,"1,602"
Valmaster-2112,867,"4,393",3.03,3.72,57.1%,27.07,27.07,"9,717.65",481.22,2.20,0.65,790.99,154,"1,590","1,928","1,652,001","4,602",37,82,"1,518"
Hqrdest-2539,"1,778","4,392",2.94,3.67,52.7%,29.18,29.18,"11,428.62",408.24,2.35,0.55,922.31,585,"1,715","2,740","2,102,867","5,369",4,122,"1,824"
NoNameDV-1742,970,"4,302",2.73,3.53,54.0%,25.15,25.15,"9,818.79","1,515.46",2.02,2.03,789.18,657,"1,785","2,991","2,199,409","5,634",9,62,"2,066"
illbethebest-2351,"1,735","4,391",3.32,6.24,55.6%,21.83,21.83,"8,374.81","4,909.55",1.86,6.98,714.84 ,399,"1,700","2,093","2,035,078","5,305",15,65,"1,599"
Ruchika-11306,"1,066","4,347",2.09,4.02,51.1%,19.09,19.09,"6,188.99","5,564.43", 1.57,7.63,509.06,488,"2,423","2,597","2,153,767","6,645",31,59,"3,185"
Tankio-2366,778,"4,391",4.00,5.60,53.9%,27.46,27.46,"9,283.97","1,181.12",2.12,1.52,716.66,65,"1,022",847,"826,273","2,444",4,61,611
Poko-2195,650,"4,390",2.92,4.02,60.3%,23.78,23.78,"7,788.13",871.75,2.08,1.27,681.46,31,667,634,"490,652","1,498",2,36,513
Derenecko-2339,"1,067","4,120",2.03,4.72,45.2%,16.61,16.61,"5,586.65","6,853.37",1.41,9.73,475.68,30,530,461,"469,279","1,395",3,20,688
Gingy-1109,"1,254","4,203",2.26,3.95,49.3%,20.40,20.40," 7,431.61","3,673.77",1.62,4.88,591.73,142,"1,167","1,061","1,055,289","2,897",21,44,"1,284"
DXtR-21116,664,"4,502",4.14,4.91,55.0%,28.37,28.37,"10,199.32",502.49,2.23,0.66,803.29,218,"1,172","1,467","1,336,111","3,716",15,50, 897
Mlek-21113,270,"4,384",2.87,3.34,57.1%,28.67,28.67,"11,598.07","1,079.64",2.34,1.47,947.06,235,580,"1,068","811,865","2,007",5,37,699
Flopi-21883,"1,026","4,222",3.73,4.75,56.5%,25.87,25.87,"8,148.43","1,406.50",2.09,1.89,658.52,46,374,434,"374,828","1,190",4,13,319
Aspen-11350,"1,529","4,387",1.98, 5.97,51.2%,15.44,15.44,"4,574.56","10,825.12",1.23,14.37,364.46,197,"4,650","2,500","3,110,703","10,499",62,95,"5,295"
MatmanJR-1943,575,"4,386",2.58,3.60,53.2%,22.04,22.04,"7,763.96","1,810.47",1.82,2.49,640.11,266,"3,135","2,694","2,701,858","7,670",72,139,"2,970"
hakkee-2443,712,"4,386",2.19 ,6.43,53.9%,17.56,17.56,"4,558.90","11,558.64",1.31,14.40,340.77,32,528,342,"355,594","1,370",14,14,626
Beasthalo-11237,"1,487 ","4,386",3.37,3.89,52.9%, 27.51,27.51,"9,378.29"," 1,164.84",2.13,1.50,724.69,69,506,522,"478,293","1,403",11,16,416
buds-1966,"1,065","4,385",2.80,3.20,56.1%,26.86,26.86,"10,477.63",663.24,2.09,0.86,817.02,539,906,"1,948","1,288,749","3,304",15,35,"1,178"
RHiNO-12110,790,"4,359",2.07,3.28,54.3%,18.69,18.69,"7,258.83","2,088.00",1.63,3.04,634.49,27,263,259,"254,059",654,6,18,316
Patiphan-11469,850,"4,385",2.51,3.26,50.0%,21.58,21.58,"8,682.28","1,541.16",1.87,2.22 ,752.06,340,803,"1,498","1,163,425","2,892",15,39,"1,151"
Derp-1230,941,"4,339",2.96,4.69,52.5%,24.05,24.05,"8,762.98","2,343.12",1.90,3.08,690.70,20,360,328,"350,519 ",962,4,21,325
PMAJellies-1681,959,"4,343",2.19,4.70,54.4%,20.30,20.30,"5,530.60","7,379.24",1.64,9.96,447.68,313,"2,552","1,459","1,686,833","6,192",293,55,"2,831"
Mistakes-2832,"1,217","4,385",3.58,5.10,54.2%,26.20,26.20,"9,811.21","2,677.75",2.14,3.64,799.57,642,"2,345","3,710","2,913,930","7,782",13,80,"2,175"
hobbs-1346,771,"4,384",2.65,3.55,56.1%,21.63,21.63,"7,389.39","2,589.24",1.85,3.69,631.18,82,334,398,"302,965",887,6,8,335
MayN-2833,847,"4,383",3.17,9.16,52.9%,23.16,23.16,"8,335.76","9,981.10",1.78, 12.82,642.42,36,472,348,"425,124","1,181",0,10,373
caspere-21171,304,"4,382",2.98,4.16,55.6%,26.16,26.16,"9,326.63","1,150.81",2.16,1.58,769.72,129,732,947,"755,457","2,119",11,35,710
oof-11755,288,"4,381",3.30,4.89, 73.3%,30.13,30.13,"10,003.47","2,171.87",2.51,3.02,833.62,15,186,179,"150,052",452,2,12,137
Summer-22465,"1,859","4,347",3.38,7.32,53.9%,20.10,20.10,"5,481.85","9,998.05",1.60,13.26,436.28,36,"1,035",376," 559,149","2,050",58,13,607
LittleFlame-2818,"1,478","4,381",2.69,3.60,59.3%,25.67,25.67,"10,176.15","3,052.37",2.05,4.07,813.69,58,224,359,"274,756",693,7,13,258
LessHumble-1281,113,"4,303",3.34,4.02,61.9%,26.52,26.52,"8,878.71",411.05,2.08,0.54,695.29,22,212,209,"186,453",557,4, 10,167
fragi-21268,730,"4,347",3.09,4.63,54.5%,24.91,24.91,"9,139.83","1,953.36",2.00,2.61,732.28,57,953,969,"904,843","2,466",13,44,797
ChipSa-21822,994,"4,345",2.98,3.65,54.0%,25.19,25.19,"9,793.17","1,152.79",2.06,1.57,799.27,764,"2,058","3,563","2,722,500","7,003",67,104,"2,349"
DATBOI-21278,384,"4,380",3.09,3.78,65.0%,29.00,29.00,"9,541.10",844.85,2.03,0.99,667.60,23,224,203,"190,822",580,4,13,188
Techneeke-11315,"1,013","4,470",4.08,5.74,53.3%,28.74,28.74,"10,956.09",898.85,2.26,1.18,863.25,171,"1,486","1,564","1,500,985","3,938",12,87,965
sharyk-2415,829,"4,379 ",3.10,3.84,59.7%,24.42,24.42,"8,274.23","1,145.30",2.13,1.67,721.94,77,479,582,"471,631","1,392",4,18,449
Flabajack-21623,966,"4,379",2.69,6.41,76.9%,20.31,20.31 ,"5,597.15","6,574.62",1.58,8.51,434.93,8,133,67,"72,763",264,6,2,98
KSA-21564,"1,374","4,379",3.28,4.29,56.9%,25.30,25.30,"9,677.28","1,670.99",2.07,2.27,790.21,329,"2,768","2,955","2,603,188","6,807",32,91,"2,073"
dentay-11281,403,"4,378",3.67,5.51,58.2%,29.17,29.17,"11,504.02","2,101.29",2.38,2.86,939.48,716,"2,948","4,225","3,715,799","9,423",50,198,"2,568"
Pugs-11287,269,"4,378",3.52,4.48,61.7%,28.85,28.85,"10,728.40","2,063.49",2.28,2.72,849.36 ,154,382,745,"504,235","1,356",9,17,385
XOOX-21258,161,"4,497",3.28,4.57,64.7%,29.18,29.18,"11,898.18","1,910.18",2.21,2.41,899.24,59,153,262,"202,269",496,13,9,151
daanS-21336,132,"4,378",1.85,3.55,54.2%,18.71,18.71,"6,660.50","4,064.25",1.87,6.77,666.05,17,174,178,"159,852",449,2,15,243
honorato-11211,995,"4,378",4.66,6.45,50.0%,26.88,26.88,"9,861.79","1,527.50",2.06,1.95,755.03,27,448,456,"473,366","1,290",2,23,277
April30-1406,135,"4,378",3.34,3.86,62.2%,29.82,29.82,"11,306.78","1,250.24",2.37,1.65 ,897.00,351,"1,204","1,736","1,345,507","3,549",2,35,"1,062"
Ding-21831,900,"4,378",3.22,7.11,67.7%,25.76,25.76,"8,378.65","8,944.74",1.87,10.83,608.51,60,327,335,"284,874",876,3,5,272
Swimmer-11324,"1,201","4,377", 2.28,6.26,57.4%,17.12,17.12,"4,795.42","7,945.02",1.41,10.94,396.15,41,704,388,"484,337","1,729",65,26,760
Mete-22786,"1,347","4,346",4.13,5.40,53.1%,27.45,27.45,"9,280.70","1,072.56",2.15,1.40,725.96,245,"2,422","2,525","2,357,299","6,973",24 ,123,"1,690"
Techno-11639,697,"4,136",1.85,4.19,36.8%,17.11,17.11,"5,442.63","6,049.89",1.39,8.22,443.68,12,232,219,"206,820",650,2 ,10,351
Modern-31819,870,"4,563",3.46,3.85,54.8%,23.21,23.21,"8,421.92",186.98,1.84,0.25,666.22,246,"2,219","2,695","2,476,044","6,823",84,103,"1,974"
Schiz-11891,"1,673","4,403",3.02 ,3.88,55.1%,24.06,24.06,"8,679.52",949.30,1.96,1.29,708.86,79,"1,085","1,018","928,709","2,574",43,58,852
Mesic-21267,"2,788","4,375",3.07,3.38,54.2%,25.60, 25.60,"9,305.73",32.77,2.04,0.04,740.94,74,815,861,"772,376","2,125",18,39,693
DouyuBecky-2220,719,"4,290",2.46,6.14,53.8%,19.36,19.36,"6,577.13","7,627.00",1.52,9.98,516.25,216,"1,789","1,690","1,723,209","5,073",11,46,"2,065"
X1AN-21758,"1,030","4,374",1.94,6.28,58.6%,14.61,14.61,"3,208.11","12,837.83",1.15,16.79,251.73,21,483,210,"224,568","1,023",6,7,527
iCy-1177,"1,323","4,374",4.13,5.49,52.6%,26.95,26.95,"9,244.28",956.78,2.22,1.31,761.36,106,"1,221","1,109","1,072,336","3,126",13,54,756
Tiger-23761,713,"4,374 ",3.00,3.38,51.2%,31.56,31.56,397.18,"1,869.46",2.33,2.30,29.32,738,"2,755","3,973","98,501","7,827",4,92,"2,613"
Hus-11365,"1,034","4,373",3.31,5.09,58.2%,27.47,27.47,"10,562.75","2,029.53",1.98,2.44,760.49,94,545,635,"580,951","1,511",3,19,456
Saebyeolbe-3200,820,"4,372",3.52,4.14,52.7%,28.04,28.04,"11,188.45",789.70,2.29,1.08,914.65,350,736,"1,501","1,040,526","2,608",4,34,741
Leodeddz-2374,"1,330","4,309",2.76,5.68,52.4%,19.51,19.51,"6,252.73","6,765.45",1.53,8.81,488.72,47,765,629,"644,031","2,010",10,22,728
hobbit-22384,525,"4,176",3.05,6.94,46.8%,21.03,21.03,"6,245.05","7,085.92",1.67,9.40,497.03,64,463,338,"387,193","1,304",38,9,427
RK800-2351,"1,322","4,371",1.90,4.20,54.5%,19.45,19.45,"5,857.93","8,501.34",1.47,10.70,442.36 ,21,360,262,"257,749",856,3,5,450
chrimezze-2511,745,"4,371",3.38,4.45,66.2%,30.58,30.58,"10,099.86","1,302.07",2.78,1.98,919.35,270,636,"1,202","717,090","2,171",0,47,642
Drenzi-1634,778,"4,371",2.59,3.92,50.7%,21.17,21.17,"7,700.94","3,137.95",1.69,4.19,616.39,761,"2,805","3,626","2,872,451","7,897",20,84,"3,054"
Seiichi-21782,175,"4,370",2.77,3.06,59.6%,29.98,29.98,"10,429.53",241.49,2.61,0.35,907.76,203 ,412,798,"490,188","1,409",0,26,509
Naicu-21775,"1,002","4,563",3.09,4.26,57.5%,23.54,23.54,"7,421.94","1,508.79",1.97,2.11,622.25,145,642,726,"593,755","1,883",3,30,609
MattMerc-11632,897,"4,312",2.70,3.91,53.6%,21.00,21.00,"7,719.31","1,705.81",1.78,2.41,653.54,49,756,746,"748,773","2,037",20,38,755
snillo-21537,"1,032","4,369",3.79,4.46,54.5%,29.13,29.13,"10,474.48",902.27,2.38,1.23,856.63,732,"1,846","3,344","2,210,115","6,147",11,108,"1,621"
SuhPoze-1613,"1,342","4,369",2.34,5.73,45.5%,17.09,17.09,"5,321.73","8,264.36",1.40,11.32,437.22,13,230,168,"175,617",564,2,4,241
Jklol21-2317,902,"4,369",3.03,3.75,54.6%,26.18,26.18,"9,276.08",881.68,2.07,1.16,732.32,123 ,"1,875","1,845","1,716,074","4,843",50,79,"1,597"
Dikker-2652,"1,051","4,253",2.04,5.27,48.3%,15.39,15.39,"4,267.81","7,977.73", 1.33,11.47,368.14,65,653,515,"503,602","1,816",8,18,890
Glace-1608,634 ,"4,267",1.90,5.51,56.0%,15.59 ,15.59,"3,586.89","9,424.46",1.23,12.35,281.93,27,646,305,"326,407","1,419",18,13,747
SADO-11765,101,"4,368",3.17,4.12,50.0%,25.23,25.23,"9,098.14","1,659.18",2.31,2.53,834.00,28,143,244,"200,159",555,4,16,175
Apl-11934,576,"4,368",2.78,4.93,61.1%,20.97,20.97,"6,542.00","3,811.00",1.82,5.51,567.09,21,314,255,"235,512",755,6,15,272
Leaf-2425, 882,"4,367",3.29,4.85,57.4%, 30.93,30.93,"11,166.66"," 2,469.08",2.33,3.10,842.18,169,631,904,"681,166","1,887",8,28,573
MikeyA-21853,633,"4,367",3.90,5.94,47.8%,27.30,27.30,"10,329.83","1,307.22",2.22,1.77,841.16,49,236,271,"237,586",628,0,17,161
CurryShot-11768,"2,413","4,367",2.31, 3.76,51.9%,21.55,21.55,"7,321.16","3,669.97",1.68,4.78,572.17,244,"2,856","2,645","2,540,444","7,478",73,121,"3,241"
VitaCoco-1517,"1,311","4,367",3.30,3.83,51.9%,23.36,23.36,"7,751.44",268.01,1.86,0.36, 616.45,148,"1,605","1,596","1,434,016","4,321",37,72,"1,308"
Asinox-2659,885,"4,367",2.27,4.80,54.0%,21.31,21.31,"6,689.65","4,586.00",1.69,6.07,531.70,125,931,"1,077","829,516","2,643",11,33,"1,163"
Jordanfre-1680,938,"4,385",2.05,3.05,52.4%,20.86,20.86,"7,401.24",903.43,1.65,1.19,583.76,8,220,153,"155,426",438,7,7,214
mL10-21445,94,"4,365",2.71,7.66,53.6%,17.07,17.07,"4,313.46","11,215.46",1.38,15.16,349.74,24,343,242,"241,554",956,2,8,353
iAmPhx-1992,975,"4,365",3.60,4.88,64.2%,29.75,29.75,"11,682.67","1,717.42",2.37,2.28,931.83,160,771,"1,035","782,739","1,993",3,45,554
cyy-11282,"1,211","4,365",3.02,4.25,50.5%,26.11,26.11,"9,362.91","1,800.60",2.05,2.36,736.20,340,"3,521","3,521","3,136,576","8,748",71,168,"2,901"
Azee-2333,905,"4,315",3.53,4.09,55.7%,30.42,30.42,"11,560.08","1,063.14",2.43,1.41,922.36,655,"1,846","3,335","2,219,536","5,841",14,116,"1,657"
ELLIVOTE-2174,"1,415","4,364",3.82,5.15,50.9%,27.25,27.25,"10,965.34",904.49,2.18,1.20,875.74,84,626,637,"646,955","1,608",14,26,421
Peter-26556,86,"4,364",3.31,3.37,66.5%,31.54,31.54,"9,952.60",190.28,2.93,0.29,925.70,"1,097","1,300","3,731","1,721,799","5,456",6,74,"1,647"
Dog21-1954,"1,513","4,364",3.90,5.62,60.0%,25.22,25.22,"9,117.02","1,170.76",2.06, 1.59,744.90,59,464,489,"455,851","1,261",13,28,323
Tosren-3333,391,"4,364",3.69,6.95 ,60.7%,25.41,25.41,"8,480.97","4,987.52",2.05,6.71,684.78,74,612,690,"517,339","1,550",6,32,420
Vega-21696,58,"4,314",3.40,4.66,51.1%,26.38,26.38,"8,798.85","1,769.74",2.17,2.42,722.65,68,893,821,"809,494","2,427",11,59,713
Agoostis-1124,189,"4,364",2.29,3.82,51.4%,19.64,19.64,"6,026.25","3,819.69",1.63,5.28,500.00,712,"2,973","3,609","2,615,393","8,522",59,76," 3,725"
